{
  "version": 2,
  "name": "taskflow-frontend",
  "builds": [
    {
      "src": "package.json",
      "use": "@vercel/next"
    }
  ],
  "routes": [
    {
      "src": "/(.*)",
      "dest": "/$1"
    }
  ],
  "env": {
    "NEXT_PUBLIC_API_URL": "https://taskflow-api.aws.com"
  },
  "functions": {
    "app/**/*.tsx": {
      "maxDuration": 30
    }
  },
  "headers": [
    {
      "source": "/(.*)",
      "headers": [
        {
          "key": "X-Content-Type-Options",
          "value": "nosniff"
        },
        {
          "key": "X-Frame-Options",
          "value": "DENY"
        },
        {
          "key": "X-XSS-Protection",
          "value": "1; mode=block"
        },
        {
          "key": "Referrer-Policy",
          "value": "strict-origin-when-cross-origin"
        }
      ]
    }
  ],
  "redirects": [
    {
      "source": "/home",
      "destination": "/",
      "permanent": true
    }
  ]
}
